,RJ_No,title,circle,cast,price,sales,tag,date,imageRate
125,RJ212191,征服少女と恋の宇宙戦争,amoroso,砂糖しお,880,212,"手コキ,パイズリ,男性受け",2017-11-06,0.03667595171773445
115,RJ221501,M for Manipulation スカーレット・ウィッチズ・ローズ編,夢想界,砂糖しお,1100,1744,"逆転無し,淫語,手コキ,足コキ,中出し,男性受け",2018-03-24,0.034354688950789226
62,RJ259475,甘えさせてくれるアンドロイドママ,インゴヒゴ,砂糖しお,1100,774,"癒し,淫語,ラブラブ/あまあま,手コキ,中出し,ごっくん/食ザー",2019-07-27,0.0329619312906221
129,RJ195177,あなたを壊す強制寸止めオナサポ～私のオモチャにしてあげる♪～,アルファートリル,砂糖しお,1100,1913,"淫語,オナニー,言葉責め,焦らし,逆レイプ,男性受け",2017-02-24,0.032961931290622096
126,RJ210249,後輩女子のおち○ぽ奴隷へと成り下がる音声,アルファートリル,砂糖しお,1100,876,"逆転無し,淫語,オナニー,言葉責め,逆レイプ,男性受け",2017-10-27,0.032729805013927575
116,RJ220113,僕を甘やかしがって勝手に住み着いたエッチな年上彼女愛華とイチャイチャする音声作品【バイノーラル収録】,テグラユウキ,砂糖しお,1100,1020,"癒し,おっぱい,淫語,手コキ,中出し,パイズリ",2018-03-17,0.03180129990714949
63,RJ258557,【ハイレゾ】ダブルサキュバス～あなたのセイエキを耳元えっちでシボリつくしちゃう～【KU100】,テグラユウキ,"砂糖しお,大山チロル",1100,1949,"癒し,淫語,ASMR,ロリ,手コキ,中出し",2019-07-27,0.031337047353760444
85,RJ247993,【人格否定オナニーサポート】腹黒でドSな教え子に弱味を握られ奴隷に堕ちる中毒性快楽。スマホ閲覧の片手間に命じられるカウントダウン式強制射精,RIN world,砂糖しお,1100,309,"淫語,寝取られ,足コキ,言葉責め,逆レイプ,男性受け",2019-03-16,0.031337047353760444
66,RJ258630,ワルモノにおち〇ちんをいじられて、正義引退!?だって、エッチで可愛い悪の女幹部に愛されちゃったんだもん,サキュネス,砂糖しお,770,203,"逆転無し,手コキ,言葉責め,焦らし,強制/無理矢理,男性受け",2019-07-15,0.03064066852367688
84,RJ247873,【人類M男化計画】音声で手コキ 射精はゲームオーバー★マゾヒスト育成ゲーム「マゾヒストプランナー2・覚醒」〜心菜さんに開放させられる〜,072LABO,砂糖しお,1100,7571,"淫語,調教,言葉責め,強制/無理矢理,男性受け,洗脳",2019-03-20,0.02971216341689879
67,RJ257367,【人類M男化計画】音声で手コキ 射精はゲームオーバー★マゾヒスト育成ゲーム「マゾヒストプランナー3・完成」〜心菜様に犯してもらう〜,072LABO,砂糖しお,1100,5571,"淫語,調教,言葉責め,強制/無理矢理,男性受け,洗脳",2019-07-11,0.02971216341689879
79,RJ250087,将棋メイドとの賭け将棋で、圧倒的有利からおっぱいに負けてオナニー奴隷に堕とされるまで,サキュネス,砂糖しお,440,334,"おっぱい,メイド,言葉責め,男性受け",2019-04-07,0.02959610027855153
15,RJ296796,治癒魔導士(ヒーラー)さんのハニートラップ～少年勇者をささやきながらの乳首責めで絶頂射精陥落させる音声～,へーどねー,砂糖しお,550,868,"逆転無し,手コキ,言葉責め,焦らし,男性受け,乳首/乳輪",2020-08-12,0.02948003714020427
108,RJ229008,実践!オナサポ付属オナ禁プログラム(1日～1週間+α対応),シルトクレーテ,砂糖しお,1100,636,"お姉さん,オナニー,調教,言葉責め,焦らし,男性受け",2018-07-20,0.028319405756731655
55,RJ265554,軽い気持ちで大人保育園のバイトしてる女子大生が僕専用になるまで,ルヒー出版,砂糖しお,880,222,"お姉さん,ラブラブ/あまあま,恋人同士,手コキ,中出し,フェラチオ",2019-09-25,0.028087279480037138
23,RJ290418,【バイノーラル】おしごとあふたー お姉さん上司の甘攻めいちゃらぶえっち,えとつな,砂糖しお,1210,253,"癒し,淫語,バイノーラル/ダミヘ,お姉さん,OL,ラブラブ/あまあま,男性受け,耳舐め",2020-06-20,0.028029247910863513
68,RJ257186,【NTR】元SM嬢の不貞妻が、成人を迎えた愛娘に托卵の事実と、夫のマゾ性癖を暴露する究極の羞恥。母娘の弄玩物に成り下がる寝取られマゾ夫『敗北オナニー』の黒い快楽,RIN world,砂糖しお,1100,504,"逆転無し,淫語,女王様/お姫様,寝取られ,逆レイプ,男性受け",2019-06-29,0.027390900649953576
59,RJ264239,ボクノナツヤスミ-ある日女の子に連れ去られて、遠くで一緒に過ごすことになった-,へーどねー,砂糖しお,770,93,"癒し,少女,ラブラブ/あまあま,手コキ,フェラチオ,焦らし",2019-09-05,0.027390900649953573
123,RJ214725,音声で手コキ 射精は終了のゲーム感覚読書★優しいお姉さんによる体感型読み聞かせ シコティッシュ童話シリーズ1「鬼と白濁液」,072LABO,砂糖しお,1100,2692,"手コキ,オナニー,焦らし,強制/無理矢理,男性受け,洗脳",2017-12-27,0.02739090064995357
127,RJ208333,音声で手コキ 射精はゲームオーバー★快楽我慢ゲーム「早漏遺伝子滅亡計画1」〜優しいお姉さんからの攻撃に耐え、射精を我慢せよ〜,072LABO,砂糖しお,1100,9010,"手コキ,オナニー,焦らし,強制/無理矢理,男性受け,洗脳",2017-09-20,0.02739090064995357
91,RJ244553,おうちデートでおっさん女子な恋人にしゃぶられ尽くすご褒美,さいおん,砂糖しお,1430,835,"耳かき,中出し,言葉責め,焦らし,逆レイプ",2019-01-25,0.02729805013927577
87,RJ247151,小悪魔妹に射精の権利を握られるお話♪,なまこ飯店,砂糖しお,1100,58,"淫語,妹",2019-02-25,0.027158774373259052
51,RJ268252,寸止めマゾ専用【S女生徒の性奴隷に堕ち、人生の破滅を感じながら射精するマゾの快楽。性癖と個人情報を晒され強制録画。大量唾液と指コキで犯される結婚間近の奴隷教師】,RIN world,砂糖しお,1100,291,"逆転無し,催眠音声,寝取られ,手コキ,調教,男性受け",2019-10-26,0.026926648096564535
92,RJ240813,【人類M男化計画】音声で手コキ 射精はゲームオーバー★マゾヒスト育成ゲーム「マゾヒストプランナー1・目覚め」〜優しい心菜(ここな)ちゃんに育ててもらう〜,072LABO,砂糖しお,1100,6602,"手コキ,オナニー,調教,強制/無理矢理,男性受け,洗脳",2019-01-16,0.026462395543175487
118,RJ217858,幼馴染が布団にしのびこんできて、乳首と耳をこねこねじゅぷじゅぷ責められる音声,へーどねー,砂糖しお,550,2178,"幼なじみ,手コキ,言葉責め,焦らし,男性受け,乳首/乳輪",2018-01-23,0.026462395543175487
47,RJ271948,え!?世界から射精音が消えちゃったって本当ですか!?〜素直になれない後輩ちゃんの救世生オナホ恩返し!〜,天然シリコン,砂糖しお,440,109,"淫語,ラブコメ,純愛,手コキ,中出し",2019-12-16,0.025905292479108638
86,RJ247506,お姉ちゃん、弟くんにドハマり中(ふたなり的な意味で),できることなら,砂糖しお,1100,994,"淫語,実姉,ラブラブ/あまあま,男性受け,アナル,フタナリ",2019-03-14,0.025766016713091918
5,RJ303067,土下座でママになってとお願いしてみた,調教少女,"陽向葵ゅか,小花井わか,砂糖しお,あかしゆき,三星しえ",1980,3848,"おっぱい,ラブラブ/あまあま,ハーレム,手コキ,中出し,フェラチオ,耳舐め,ささやき",2020-10-24,0.02559192200557103
43,RJ276023,後輩保育士に乳首責めされながら、ちん〇んもいじいじしてもらえる可愛がられ音声,サキュネス,砂糖しお,660,325,"逆転無し,おっぱい,先輩/後輩,手コキ,焦らし,男性受け",2020-01-21,0.025533890436397397
110,RJ227995,お隣の保母さんが俺を心配して耳かきにエッチにと甘やかしてくれるバイノーラル音声,Cipher,砂糖しお,990,656,"バイノーラル/ダミヘ,耳かき,ラブラブ/あまあま,中出し,男性受け,巨乳/爆乳",2018-06-22,0.025533890436397397
25,RJ290416,ジト目な薬師の女の子にマゾ搾精されるバイト,谷奥の蛙,砂糖しお,1210,410,"逆転無し,マニアック/変態,ロリ,手コキ,足コキ,男性受け",2020-06-13,0.02530176415970288
10,RJ300638,ドSな彼女にひたすら愛されるASMR ～間倉ミルカ編～,ムーンシェイド,砂糖しお,770,147,"逆転無し,淫語,バイノーラル/ダミヘ,ASMR,恋人同士,手コキ,男性受け",2020-09-22,0.024273776362912853
131,RJ170725,らぶおと～ヤンデレ幼馴染、結音編～,とらんぷかーど,砂糖しお,770,510,"癒し,ヤンデレ,耳かき,ラブラブ/あまあま,耳舐め",2016-01-23,0.024233983286908078
73,RJ255042,お兄ちゃん感謝デ～♪ 2人の妹の耳舐め手コキ奉仕,尊妹,"篠守ゆきこ,砂糖しお",550,286,"バイノーラル/ダミヘ,ロリ,妹,ラブラブ/あまあま,手コキ,耳舐め",2019-06-06,0.02414113277623027
102,RJ235592,貢ぎマゾ専用【人格否定オナニーサポート】性経験豊富な現役女子大生の《人間ATM》に堕ち、金銭と精液を同時搾取される『嫐りのオナサポ』,RIN world,砂糖しお,1100,547,"催眠音声,寝取られ,オナニー,逆レイプ,男性受け,洗脳",2018-09-29,0.02414113277623027
88,RJ246193,無邪気なロリサキュバスに乳首と前立腺をこねこねトントンされて、我慢汁をしゃぶりつくされる音声,へーどねー,砂糖しお,550,1206,"ロリ,年下攻め,言葉責め,焦らし,男性受け,乳首/乳輪",2019-02-14,0.024141132776230267
18,RJ295124,姪っ子JK姉妹とエロ欲快放っ♪夏のダルダラ濃厚乱交!,さいおん,砂糖しお,1430,159,"ASMR,ギャル,耳かき,ラブラブ/あまあま,フェラチオ,言葉責め,耳舐め",2020-07-26,0.023676880222841225
56,RJ264902,【ハイレゾ×KU100】貴方を癒すレンタルメイド【収録時間3時間半】,テグラユウキ,"御崎ひより,秋野かえで,砂糖しお",1320,7020,"癒し,おっぱい,淫語,バイノーラル/ダミヘ,ASMR,中出し",2019-09-21,0.023676880222841225
101,RJ237198,お姉ちゃんメイドとおとなレッスン,amoroso,砂糖しお,1100,270,"お姉さん,ラブラブ/あまあま,パイズリ,フェラチオ,言葉責め,ノーマルプレイ",2018-10-22,0.023444753946146705
111,RJ226614,悪の組織のロリ幹部さまのヒーロー陥落生中継!,amoroso,"砂糖しお,来夢ふらん,竹中望",1100,1045,"ロリ,退廃/背徳/インモラル,調教,言葉責め,輪姦,男性受け",2018-06-04,0.02298050139275766
119,RJ217778,おねショタ音声詰め合わせ,スタジオレイン,"馬嘉らら,砂糖しお,篠守ゆきこ,霜月優,茜ちょこ,黒澤スミレ",3520,90,"連続絶頂,お姉さん,ラブラブ/あまあま,男性受け,童貞,処女",2018-01-22,0.02251624883936862
100,RJ236798,時間を止めて逆レイプ 〜今からお兄さんは私のダッチワイフです〜,狐屋本舗,砂糖しお,990,1192,"逆転無し,マニアック/変態,時間停止,中出し,強制/無理矢理,男性受け",2018-11-02,0.02251624883936862
64,RJ243985,【立体音響】Cure Maid-夕梨,ディーブルスト,砂糖しお,1100,1913,"癒し,バイノーラル/ダミヘ,ASMR,メイド,ラブラブ/あまあま,中出し",2019-07-21,0.022284122562674095
112,RJ226826,援交オフパコ実績解除 -チャラビッチJKに廃課金-,R&amp;W,砂糖しお,990,488,"少女,制服,手コキ,中出し,パイズリ,オナニー",2018-06-03,0.022284122562674095
117,RJ220547,変態マゾ強制メス化計画♀乳首アナル公開調教生放送,ベノムギフト,砂糖しお,880,2032,オナニー,2018-03-10,0.02228412256267409
105,RJ231513,【純愛・クーデレ・寝息】クールなメイドがデレる時,Dream or Real,砂糖しお,880,177,"癒し,ASMR,メイド,ラブラブ/あまあま,パイズリ,フェラチオ",2018-08-20,0.022051996285979578
30,RJ284701,【在宅応援!耳舐め特化音声】バーチャル・セクシャル・サービス,パステル*スノウ,"涼花みなせ,砂糖しお,ぴのぴ,綿雪,西田光,篠守ゆきこ",110,4031,"淫語,バイノーラル/ダミヘ,手コキ,足コキ,パイズリ,フェラチオ,耳舐め,ささやき",2020-05-10,0.02193593314763231
94,RJ241449,【バイノーラル左右囁き『耳レイプ』W責めオナニーサポート】ダメで甘えたなアナタを全肯定してくれる秀才ロリ少女と、マゾ性を暴きだし嘲笑う肉食系不良ギャル,RIN world,砂糖しお,1100,528,"催眠音声,ロリ,不良/ヤンキー,寝取られ,逆レイプ,男性受け",2018-12-22,0.021819870009285054
22,RJ291471,【正義のヒーロー戦隊、マゾ堕ち陥落】敵の女幹部の性的拷問に屈伏しプライド崩壊。地球の民の目の前で敗北宣言。大量浣腸と屈辱射精でマゾ絶頂する5人のヒーロー,RIN world,砂糖しお,1100,269,"逆転無し,淫語,女王様/お姫様,寝取られ,パイズリ,SM,調教,言葉責め",2020-06-20,0.02158774373259053
3,RJ302234,パステル*スノウ音声作品☆お得な詰め合わせセット♪,パステル*スノウ,"篠守ゆきこ,涼花みなせ,砂糖しお,ぴのぴ,綿雪,西田光",2970,1,"バイノーラル/ダミヘ,ASMR,手コキ,足コキ,中出し,パイズリ,フェラチオ,耳舐め",2020-11-07,0.021413649025069637
107,RJ229570,奴隷ちゃんが甘えてくるまで可愛がる!不幸な奴隷ちゃんをとことん甘やかすバイノーラル音声作品～AfterDays～,テグラユウキ,砂糖しお,1100,1795,"萌え,癒し,淫語,バイノーラル/ダミヘ,メイド,中出し",2018-07-28,0.02135561745589601
81,RJ249357,【NTR・2】妻を寝取った年下S上司に電話調教され夫婦つがいの社内肉便器になることを誓わせられる寝取られマゾ夫『同性の言葉責め』で射精する敗北オナニーの黒い快楽,RIN world,砂糖しお,1100,252,"寝取られ,調教,鬼畜,逆レイプ,男性受け,洗脳",2019-03-30,0.02135561745589601
124,RJ212261,ママあね〜幼児退行のすゝめ〜,スタジオレイン,"砂糖しお,篠守ゆきこ",1100,428,"姉妹,ラブラブ/あまあま,同居,近親相姦,男性受け",2017-12-21,0.021169916434540394
122,RJ214721,奴隷ちゃんが甘えてくるまで可愛がる!不幸な奴隷ちゃんをとことん甘やかすバイノーラル音声作品,テグラユウキ,砂糖しお,1100,3916,"癒し,ロリ,中出し,フェラチオ,奴隷,貧乳/微乳",2017-12-30,0.020659238625812443
109,RJ228376,【NTR】離婚or奴隷の絶望2択『優秀な年下上司と不貞S妻に服従を誓い、復縁乞いのウツ射精で果てる寝取られマゾ夫』【最下層に堕ちる『敗北オナニー』の黒い快楽】,RIN world,砂糖しお,1100,1242,"催眠音声,寝取られ,調教,逆レイプ,男性受け,催眠",2018-06-30,0.02042711234911792
44,RJ274123,れんたるいもうと～かのんがおにぃをいやしてあげる～,しましま亭,砂糖しお,660,408,"バイノーラル/ダミヘ,ASMR,ロリ,妹,ラブラブ/あまあま,中出し",2019-12-30,0.020427112349117916
31,RJ281933,毒舌エリートメイドによるお仕置き射精管理,ワサビ屋,砂糖しお,1100,1602,"逆転無し,脚,淫語,主従,メイド,手コキ,言葉責め,童貞",2020-04-10,0.02036908077994429
13,RJ296776,NTRじ RADIO DVD Vol.9 ダウンロード版,Le château de &quot;NTRじ&quot;,"砂糖しお,野上菜月,涼花みなせ,灰宮けい,君野りるる,まどろみもあ",3520,109,"癒し,ASMR",2020-08-17,0.0201949860724234
103,RJ230307,プチヤンデレな妹の愛情深いご奉仕【バイノーラル音声作品】,Angel Whistle,砂糖しお,1320,220,"癒し,逆転無し,バイノーラル/ダミヘ,妹,ラブラブ/あまあま,フェラチオ",2018-09-08,0.0201949860724234
20,RJ292658,【乳首いじり】あなたのオナニーをサポートしてくれる優しいお姉さん,耳セレブ,砂糖しお,1540,536,"淫語,バイノーラル/ダミヘ,ASMR,オナニー,言葉責め,乳首/乳輪",2020-07-09,0.0201949860724234
48,RJ271181,【NTR × 幼児化調教】豊満でドSな妻に『赤ちゃんプレイ』を強要される羞恥。パイズリ騎乗位逆レイプちんぐりアナル責めによるセルフ顔射でイキ果てる寝取られマゾ夫,RIN world,砂糖しお,1100,1525,"おっぱい,催眠音声,寝取られ,SM,言葉責め,逆レイプ",2019-11-30,0.019962859795728875
97,RJ237252,あまあまさきゅばすのなすがままに,おっさんはうす,砂糖しお,1100,148,"バイノーラル/ダミヘ,人外娘/モンスター娘,サキュバス/淫魔,ラブラブ/あまあま,中出し,フェラチオ",2018-11-28,0.019730733519034357
58,RJ260040,サキュ美さんと生活,めがみそふと,砂糖しお,1100,926,"おっぱい,ASMR,人外娘/モンスター娘,中出し,パイズリ,焦らし",2019-09-12,0.019730733519034357
53,RJ265722,白川千鶴の性感開発リフレクソロジー ～アナタのチクビ、やさしく囁きながら気持ちよくしてあげる～(バイノーラル),WHITE RIBBON,"砂糖しお,逢坂成美",1100,918,"淫語,バイノーラル/ダミヘ,ASMR,お姉さん,耳舐め,ささやき",2019-09-28,0.019730733519034354
61,RJ260649,【バイノーラル】淫乱メイドまなみ リアルご主人様とライブ配信ご主人様との淫乱ご奉生配信,ドM女史団,砂糖しお,770,120,"マニアック/変態,淫語,メイド,SM,言葉責め,複数プレイ/乱交",2019-08-10,0.019498607242339837
36,RJ278809,【KU100】姉サキュ～弟くんへの独占欲が強すぎてサキュバスになった姉に管理されちゃう～,しゅがぁそると,砂糖しお,990,275,"バイノーラル/ダミヘ,ASMR,お姉さん,天使/悪魔,ラブラブ/あまあま,中出し,フェラチオ",2020-03-07,0.019498607242339837
90,RJ245347,かわいい双子の妹にオナニーの見せあいっこや射精我慢を強要されちゃう音声,Sumikko Circle,砂糖しお,440,2981,"ロリ,妹,双子,ラブラブ/あまあま,オナニー,焦らし",2019-01-31,0.019498607242339833
39,RJ278649,聖母の様な先生と愛と癒しの時間,スタジオレイン,砂糖しお,1430,234,"連続絶頂,お姉さん,ラブラブ/あまあま,初体験,おねショタ,耳舐め",2020-02-20,0.019498607242339833
6,RJ302228,あなたはどっち?&lt;合法オナニー or 脱法オナニー&gt;「ルーインドオーガズム2・脱法オナニー編」〜ステイフィールドとルーインドオーガズムを嗜む音声〜,072LABO,砂糖しお,1100,4241,"淫語,連続絶頂,バイノーラル/ダミヘ,足コキ,オナニー,強制/無理矢理,耳舐め",2020-10-22,0.019498607242339833
11,RJ299319,【パパ性活応援!】甘えんぼうのミツちゃん ～パパ、おっぱい吸ってほしいの?～,耳セレブ,砂糖しお,1650,72,"ASMR,少女,ロリ,オナニー,耳舐め",2020-09-11,0.019498607242339833
9,RJ301484,【耳舐め】優しくて可愛くて包容力抜群だけど、夜はちょっぴり変態な俺の嫁,因果交流電燈,砂糖しお,1100,267,"癒し,ASMR,お姉さん,耳かき,ほのぼの,同棲,手コキ,耳舐め",2020-10-08,0.01932451253481894
120,RJ213294,誘惑カウンセリング ～私に全部吐き出してくださいね♪～,ネイティファス,砂糖しお,990,610,"色仕掛け,言葉責め,洗脳",2018-01-09,0.019034354688950792
130,RJ190454,シーン&amp;サポート♪ ~かわいい女の子にオナニーを見られたい!~,R&amp;W,"砂糖しお,森野めぐむ,天知遥",1100,577,"淫語,実姉,お姉さん,ギャル,メイド,オナニー",2016-12-20,0.01903435468895079
1,RJ292988,純粋な子狐さんを拾ったらとことん癒してくれて心が浄化する音声,アンスリウム,砂糖しお,1210,872,"癒し,バイノーラル/ダミヘ,ASMR,擬人化,耳かき,中出し,フェラチオ,耳舐め",2020-11-08,0.01897632311977716
76,RJ251390,貢ぎマゾ専用【人格否定オナニーサポート】セックスリンチの麻薬的誘惑。リア充カップルと再会し精液と財産を一滴残らず搾られ、カップル奴隷に逆戻りする『貢ぎ奴隷3号』,RIN world,砂糖しお,1100,319,"淫語,催眠音声,女装,寝取られ,SM,逆レイプ",2019-04-27,0.018802228412256268
50,RJ268487,【バイノーラル収録】生意気メスガキLOVEエッチ!～本当は大好きな先生に小アクマ誘惑しちゃうね♪,にるばーにゃ,砂糖しお,1100,641,"バイノーラル/ダミヘ,ロリ,ラブラブ/あまあま,耳舐め,ささやき,貧乳/微乳",2019-10-29,0.018570102135561747
113,RJ223204,【密着されて撫で回されて…】妖艶の湯～リラクゼーションオイルマッサージ～【サキュバス性感エステ】,M-STUDIO,"紅月ことね,砂糖しお",1100,7218,"マニアック/変態,ローション,言葉責め,羞恥/恥辱,男性受け,童貞",2018-04-22,0.018570102135561747
69,RJ255730,『ゆるふわJKりふれ』 ～ほのぼのでふわふわなミルキーJKが、耳かきと耳舐めで癒してくれる～ (バイノーラル),WHITE RIBBON,"MOMOKA。（柚木桃香）,砂糖しお",1100,303,"癒し,バイノーラル/ダミヘ,ASMR,耳かき,パイズリ,耳舐め",2019-06-18,0.01787372330547818
28,RJ287740,寝取られ旅館【ハイレゾ192kHz/24bit】,"Hello,Sound!!",砂糖しお,1100,563,"ASMR,ビッチ,ファンタジー,寝取られ,中出し,耳舐め,ささやき",2020-05-21,0.01770791882212495
4,RJ305585,ドM女史団のドマゾ女史作品集2,ドM女史団,"砂糖しお,竹中望,水谷六花,ゆまはぴ",1210,68,"淫語,SM,変態,言葉責め,羞恥/恥辱,レイプ",2020-10-28,0.016945218198700096
106,RJ230607,耳舐め花魁娘参,黒月堂,"かなせ,紅葉美兎,小町ういら,みづきゆうか,結姫うさぎ,月屋めの,砂糖しお,ゆきかすみ,真宮みま,星海奏歌,逢坂成美",1320,404,"フェチ,ASMR,少女,ロリ,お姉さん,耳舐め",2018-08-04,0.016945218198700093
82,RJ248018,寝取られパーティ～幼馴染の恋人ヒーラーが下衆戦士の虜に～,暗黒あずまや,砂糖しお,990,994,"少女,魔法使い/魔女,寝取られ,オナニー,言葉責め,ツインテール",2019-03-29,0.016713091922005572
46,RJ272545,【ハイレゾ192kHz/24bit】サンタさんお願い!!僕をお家に帰してっ!,荘ノヴァ,砂糖しお,1100,212,"ビッチ,人外娘/モンスター娘,退廃/背徳/インモラル,中出し,監禁,耳舐め",2019-12-20,0.016713091922005572
54,RJ265302,ちっちゃい鬼っ娘は性欲旺盛,メロイック,砂糖しお,770,203,"ロリ,妖怪,人外娘/モンスター娘,中出し,フェラチオ,ツルペタ",2019-09-27,0.01648096564531105
33,RJ283424,【ハイレゾ192kHz/24bit】廃校幽霊,荘ノヴァ,砂糖しお,1100,239,"ASMR,学生,幽霊,学校/学園,中出し,耳舐め",2020-04-09,0.01624883936861653
24,RJ291228,やったー!!!先生の教育的真面目さに付け込んで放課後耳かきさせたった,でぶり,砂糖しお,770,302,"バイノーラル/ダミヘ,ASMR,お姉さん,女教師,学校/学園,耳かき,男性受け",2020-06-16,0.015917230401910065
2,RJ305671,【バイノーラル・ハイレゾ】妹が寝取られエッチを耳元報告してくれる-歩美ちゃん-,サイコすまいりんぐショウ,砂糖しお,550,170,"バイノーラル/ダミヘ,ASMR,妹,退廃/背徳/インモラル,寝取られ,中出し,輪姦,耳舐め",2020-11-07,0.015842618384401114
98,RJ239124,マネージャーのこの俺がアイドル達に犯されているだと!?～あくあのおねだり編～,ちゅぱちゅぱカンパニー,砂糖しお,550,78,"シリーズもの,メガネ,芸能人/アイドル/モデル,ラブラブ/あまあま,中出し,処女",2018-11-16,0.015320334261838443
29,RJ280332,悪堕ちヒロインに堕とされる1-ザコなお兄さんはメス〇キ怪人には勝てないの-,ドダメ屋さん,砂糖しお,1100,604,"おっぱい,バイノーラル/ダミヘ,変身ヒロイン,退廃/背徳/インモラル,手コキ,悪堕ち,洗脳,耳舐め",2020-05-16,0.014972144846796659
52,RJ267708,後輩彼女に焦らされたり搾られたり甘やかされちゃう音声,カラメル・メール,砂糖しお,440,280,"連続絶頂,バイノーラル/ダミヘ,先輩/後輩,手コキ,焦らし,ささやき",2019-10-26,0.014856081708449397
78,RJ250829,磁性体性愛情論理,ぺーるとーんれいんぼぅすたー,砂糖しお,990,462,"萌え,癒し,少女,ロボット/アンドロイド,ラブラブ/あまあま,日常/生活",2019-04-18,0.014623955431754878
42,RJ277296,雨音さんの癒やし宿～迷い込んだ貴方をとろとろに甘やかしてくれる女中さん～,rain,砂糖しお,440,173,"感動,癒し,お姉さん,黒髪",2020-02-04,0.014623955431754874
40,RJ277660,【ハイレゾ192kHz/24bit】元カレの前で今カレとSEXしちゃいました,荘ノヴァ,砂糖しお,1100,277,"ビッチ,退廃/背徳/インモラル,中出し,複数プレイ/乱交",2020-02-14,0.014623955431754874
128,RJ204932,【囁きバイノーラル】お金目当ての射精管理ですよ、おじさん♪～援交少女めぐみ様の貢ぎATM製造法～,煩悩ストラテジ,砂糖しお,770,402,"ギャル,ビッチ,年下攻め,売春/援交,男性受け",2017-08-02,0.014484679665738163
32,RJ282742,後輩ちゃんの恋愛フラグ(ミニアフターストーリー付き),からすとうさぎ,砂糖しお,550,35,"萌え,おっぱい,淫語,先輩/後輩,屋外,ラブラブ/あまあま,日常/生活,純愛",2020-04-09,0.014449860724233984
21,RJ292068,JKヒーリングリフレ部～サボり魔幽霊部員編～,USA WORKS,砂糖しお,1100,489,"癒し,バイノーラル/ダミヘ,ASMR,耳かき",2020-07-05,0.014275766016713093
19,RJ291849,あまえんぼえっち やさしいお姉ちゃんにリードされながらとってもきもちいいゴム無しえっち 密着あまあま囁きで中出しバイノーラル,aromatic girl,砂糖しお,1100,544,"淫語,バイノーラル/ダミヘ,ASMR,年上,ラブラブ/あまあま,和姦,ささやき,巨乳/爆乳",2020-07-10,0.01427576601671309
60,RJ262358,冷めた言葉の割に甘やかしてくれるクーデレお姉ちゃんの「耳かき」「耳舐め」「えっち」etc...,お姉さん専科「えるてら」,砂糖しお,770,930,"バイノーラル/ダミヘ,ASMR,実姉,お姉さん,耳かき,耳舐め",2019-08-18,0.014159702878365833
75,RJ254124,【強制メスイキ女体化調教】連続射精と男の潮噴き、前立腺責め地獄に悶える禁断の性感開発。サディスト女子美術部員の餌食にされ、女装娘姿で体を玩具にされる新入生,RIN world,砂糖しお,1100,2363,"男の娘,女装,女体化,逆レイプ,男性受け,アナル",2019-05-25,0.013927576601671312
8,RJ301197,黒髪メイドさんの乳首もいじるあまあまオナ指示とばぶばぶ手コキコース【バイノーラル】,ふろむひだか,砂糖しお,1100,116,"萌え,おっぱい,バイノーラル/ダミヘ,ASMR,メイド,手コキ,オナニー,乳首/乳輪",2020-10-08,0.013579387186629526
89,RJ240271,ASMRメイド真琴,桃月庵,砂糖しお,550,154,"癒し,バイノーラル/ダミヘ,ASMR,少女,メイド,耳かき",2019-02-01,0.013463324048282266
7,RJ303024,《バイノーラル》【正義のヒーロー少年、マゾ堕ち陥落】『ヒーローマゾガキ化～悪の組織のナース怪人に《奴隷化調教》される正義のメス穴～』,RIN world,砂糖しお,1100,183,"逆転無し,おっぱい,ローション,SM,調教,言葉責め,拘束,奴隷",2020-10-17,0.013231197771587745
57,RJ264820,クール系OL＆母性系OLの先輩争奪戦♪～W後輩の板挟みにされるあなた～,スクィーズ,砂糖しお,1100,733,"連続絶頂,バイノーラル/ダミヘ,OL,ハーレム,手コキ,パイズリ",2019-09-15,0.013231197771587745
114,RJ222442,癒し旅館せせらぎ～寧々の足湯マッサージで安らぎのひととき～,ここどこ,砂糖しお,1100,410,"癒し,バイノーラル/ダミヘ,ASMR,着物/和服,耳かき,フェラチオ",2018-04-14,0.013231197771587743
17,RJ295959,クワドラサマーハーレム,Mistless Piece,"逢坂成美,涼花みなせ,砂糖しお,浅木式",1100,607,"オールハッピー,バイノーラル/ダミヘ,学校/学園,日常/生活,ハーレム,男性受け,耳舐め,ムチムチ",2020-08-08,0.012883008356545963
121,RJ215959,恋する物の怪 ～友達がいない妖狐と友達以上の関係になってえっちしちゃう音声～,Sumikko Circle,砂糖しお,1320,1859,"セーラー服,学校/学園,初体験,中出し,パイズリ,獣耳",2018-01-08,0.012766945218198702
74,RJ253906,ふたなり乱交ビーチ-エクセラ編-,スタジオレイン,"砂糖しお,明日葉よもぎ",1100,217,"連続絶頂,外国人,水着,ラブラブ/あまあま,レズ/女同士,フタナリ",2019-06-03,0.012766945218198702
38,RJ278728,ふたなり少女に飼育されメス堕ち アナルにどっぷり種付けされて一発妊娠しました《バイノーラル》,LuvC&#039;d,砂糖しお,1100,2053,"淫語,バイノーラル/ダミヘ,学生,妊娠/孕ませ,調教,逆レイプ,アナル,フタナリ",2020-03-05,0.012708913649025074
35,RJ281615,【レズSM調教】ビデオカメラ前での無限イキ地獄。ふた周り以上も年下の教え子に、性玩具へと堕とされる黒い快楽。W責め仁王立ち絶頂で果てる奴隷担任マゾ女教師,RIN world,砂糖しお,1100,600,"女王様/お姫様,年下攻め,退廃/背徳/インモラル,寝取られ,百合,レズ/女同士,SM,言葉責め",2020-03-21,0.012708913649025072
65,RJ258044,エッチしないと出られない部屋に〇〇がいっしょに閉じ込められたら2,足跡の水たまり,"結姫うさぎ,御崎ひより,砂糖しお,秋山はるる",1100,84,"妹,学生,芸能人/アイドル/モデル,ラブラブ/あまあま,シリアス",2019-07-19,0.012534818941504178
77,RJ243413,ふたなり乱交ビーチ-あやめ編-,スタジオレイン,"砂糖しお,篠守ゆきこ",1100,452,"女性視点,連続絶頂,お姉さん,レズ/女同士,強制/無理矢理,フタナリ",2019-04-21,0.012070566388115135
45,RJ272777,看取られ音声3,オミ・オクル,"砂糖しお,小山ハル,月花うさぎ,浅木式",880,282,"感動,癒し,ロリ,学生,天使/悪魔,魔法使い/魔女",2019-12-28,0.011374187558031568
37,RJ279984,生イキ♂牝オチ♀インキュバスッ!～絶倫オタクと強制恋人契約編～,ナガレ亭,砂糖しお,880,630,"淫語,連続絶頂,バイノーラル/ダミヘ,男の娘,サキュバス/淫魔,褐色/日焼け",2020-03-06,0.011142061281337047
95,RJ241121,あしたのモニカ ～人間になった飼い犬女子とラブラブ結婚生活する百合音声～,プルシアン ブルー,砂糖しお,990,357,"人外娘/モンスター娘,屋外,ラブラブ/あまあま,初体験,百合,レズ/女同士,獣耳,貧乳/微乳",2018-12-22,0.010445682451253482
70,RJ254068,ふたなり乱交ビーチ-全編-,スタジオレイン,"砂糖しお,御崎ひより,篠守ゆきこ,明日葉よもぎ",3300,393,"連続絶頂,お姉さん,お嬢様,ギャル,外国人,フタナリ",2019-06-17,0.009981429897864437
14,RJ297147,騎士団長ミリア様の恥辱おマ〇コダンス謝罪,ドM女史団,砂糖しお,550,248,"淫語,バイノーラル/ダミヘ,強気受け,ファンタジー,アヘ顔,露出,羞恥/恥辱,強制/無理矢理",2020-08-17,0.009227019498607244
104,RJ233233,テニサー入会テストをおふろばでされちゃうボイス,High Island,砂糖しお,990,60,"着衣,フェチ,体育会系/スポーツ選手,ぶっかけ,言葉責め",2018-09-01,0.009192200557103064
49,RJ266679,NTR夫に頼まれて他の男に抱かれる妻,ナンネット,砂糖しお,660,1155,"バイノーラル/ダミヘ,ASMR,人妻,寝取られ",2019-11-02,0.00905292479108635
41,RJ276371,続・NTR夫に頼まれて他の男に抱かれる妻,ナンネット,砂糖しお,660,799,"バイノーラル/ダミヘ,ASMR,人妻,寝取られ",2020-02-08,0.00905292479108635
83,RJ240307,ふたなり乱交ビーチ-凛編-,スタジオレイン,"砂糖しお,御崎ひより",1320,485,"連続絶頂,ギャル,初体験,レズ/女同士,複数プレイ/乱交,フタナリ",2019-03-24,0.008356545961002784
71,RJ255350,恋する小悪魔～魅了と誘惑の好き好き求愛術～,BELL Plant,砂糖しお,990,905,"おっぱい,サキュバス/淫魔,色仕掛け,パイズリ,くすぐり,巨乳/爆乳",2019-06-14,0.008124419684308264
12,RJ297975,【足舐め・足コキ】小悪魔ギャルはキミを足コキで躾けたい,Dream or Real,砂糖しお,660,108,"フェチ,マニアック/変態,脚,靴下,ギャル,学校/学園,足コキ,焦らし",2020-08-27,0.008008356545961003
96,RJ240373,口づけは夜明けの前に～首筋で、吸血鬼はくすりと笑う～,思叫堂～ロア～,"大山チロル,白夜あこ,砂糖しお",1320,431,"バイノーラル/ダミヘ,ロリ,年上,人外娘/モンスター娘,ツインテール,貧乳/微乳",2018-12-15,0.007892293407613741
26,RJ287034,弟に性癖を開拓されて辛いんだけど黒幕は僕の彼女だった…,ゆとりえっくす,"ちゆ,砂糖しお",1100,393,"バイノーラル/ダミヘ,ショタ,恋人同士,寝取られ,ゲイ/男同士,羞恥/恥辱,和姦,逆レイプ",2020-06-06,0.00766016713091922
93,RJ241014,新米サキュバスとドキドキ百合えっちv,なつこん,砂糖しお,990,372,"女性視点,人外娘/モンスター娘,百合,レズ/女同士,貧乳/微乳",2018-12-22,0.007242339832869081
99,RJ233758,変身ヒロイン悪堕ち報告書3 正義の味方をドスケベ備品奴隷に洗脳改造,ドダメ屋さん,"砂糖しお,井上果林,大山チロル",1100,520,"変身ヒロイン,人外娘/モンスター娘,母乳,触手,洗脳",2018-11-03,0.006963788300835655
34,RJ281443,【おっぱいず★】おっぱいは世界を救うのだ☆彡(私のエッチな歌で抜けぇぇー!シリーズ),紙芝居屋さん十八軒目,-,1870,3069,"ロリ,女教師,お嬢様,芸能人/アイドル/モデル,学校/学園,ツンデレ",2020-04-05,0.0069637883008356535
72,RJ248541,黒い仔山羊の鳴く夜に～少女は嗤い、あなたを“マスター”と呼んだ～,思叫堂～ロア～,"砂糖しお,ある夫・Ａ",1100,294,"少女,人外娘/モンスター娘,年下攻め,ホラー,ロングヘア",2019-06-07,0.006406685236768803
80,RJ249557,変身ヒロイン悪堕ち報告書 総集編1,ドダメ屋さん,"井上果林,大山チロル,砂糖しお,紅月ことね",2420,751,"変身ヒロイン,けもの/獣化,催眠,悪堕ち,洗脳,フタナリ",2019-04-05,0.0060352831940575676
27,RJ288078,彼女を脱がせて辱め～見られて感じる露出デート,ナンネット,砂糖しお,660,226,"女性視点,バイノーラル/ダミヘ,ASMR,色仕掛け,浮気,露出,羞恥/恥辱",2020-05-23,0.004178272980501392
16,RJ294107,Story.3 傾国の白雪姫・中編 白雪親愛群像舞台,冷凍庫/freezer,"篠守ゆきこ,秋山はるる,砂糖しお,由羽,大山チロル",550,22,"健全,感動,シリーズもの,シリアス,金髪",2020-08-12,0.002506963788300836
